{"global_step": 10912, "f1": 0.0, "precision": 0.0, "recall": 0.0, "training_loss": 0.7035345612093806, "validation_loss": 0.6901114601641893, "number_of_compromised_nodes": 4585, "number_of_uncompromised_nodes": 6327, "time": 6.762836933135986, "_timestamp": 1703932069.9781172, "_runtime": 8.512261152267456, "_step": 1, "weights/edge_type_embedding.weight": {"_type": "histogram", "values": [1, 0, 0, 0, 0, 0, 1, 0, 0, 0, 1, 0, 0, 1, 0, 1, 3, 1, 3, 2, 0, 1, 3, 2, 1, 0, 3, 2, 1, 0, 2, 2, 0, 0, 1, 0, 1, 1, 0, 0, 1, 0, 1, 1, 1, 0, 0, 1, 0, 0, 0, 0, 0, 0, 0, 0, 0, 0, 0, 0, 0, 0, 0, 1], "bins": [-2.021129608154297, -1.9431309700012207, -1.8651323318481445, -1.7871336936950684, -1.7091350555419922, -1.631136417388916, -1.5531377792358398, -1.4751391410827637, -1.3971405029296875, -1.3191418647766113, -1.2411432266235352, -1.163144588470459, -1.0851459503173828, -1.0071473121643066, -0.9291486740112305, -0.8511500358581543, -0.7731513977050781, -0.695152759552002, -0.6171541213989258, -0.5391554832458496, -0.46115684509277344, -0.38315820693969727, -0.3051595687866211, -0.22716093063354492, -0.14916229248046875, -0.07116365432739258, 0.006834983825683594, 0.08483362197875977, 0.16283226013183594, 0.2408308982849121, 0.3188295364379883, 0.39682817459106445, 0.4748268127441406, 0.5528254508972168, 0.630824089050293, 0.7088227272033691, 0.7868213653564453, 0.8648200035095215, 0.9428186416625977, 1.0208172798156738, 1.09881591796875, 1.1768145561218262, 1.2548131942749023, 1.3328118324279785, 1.4108104705810547, 1.4888091087341309, 1.566807746887207, 1.6448063850402832, 1.7228050231933594, 1.8008036613464355, 1.8788022994995117, 1.956800937652588, 2.034799575805664, 2.1127982139587402, 2.1907968521118164, 2.2687954902648926, 2.3467941284179688, 2.424792766571045, 2.502791404724121, 2.5807900428771973, 2.6587886810302734, 2.7367873191833496, 2.814785957336426, 2.892784595489502, 2.970783233642578]}}