{"global_step": 10848, "f1": 0.0, "precision": 0.0, "recall": 0.0, "training_loss": 0.6883107647299767, "validation_loss": 0.6758562549948692, "number_of_compromised_nodes": 4987, "number_of_uncompromised_nodes": 5861, "time": 3.427807092666626, "_timestamp": 1703928557.204043, "_runtime": 5.193485975265503, "_step": 1, "weights/gnn.edge_type_embedding.weight": {"_type": "histogram", "values": [1, 0, 0, 0, 0, 0, 1, 1, 0, 0, 0, 0, 1, 0, 2, 0, 0, 0, 0, 0, 0, 3, 1, 1, 0, 2, 0, 0, 3, 1, 1, 3, 3, 3, 0, 0, 1, 1, 2, 1, 0, 0, 0, 0, 2, 1, 1, 0, 1, 0, 0, 0, 0, 0, 0, 0, 0, 0, 0, 0, 0, 0, 1, 2], "bins": [-2.403554916381836, -2.3238844871520996, -2.244213819503784, -2.164543390274048, -2.0848727226257324, -2.005202293395996, -1.9255317449569702, -1.8458611965179443, -1.7661906480789185, -1.6865200996398926, -1.6068495512008667, -1.5271790027618408, -1.4475085735321045, -1.3678380250930786, -1.2881674766540527, -1.2084969282150269, -1.128826379776001, -1.049155831336975, -0.9694852828979492, -0.8898147940635681, -0.8101442456245422, -0.7304736971855164, -0.6508032083511353, -0.5711326599121094, -0.4914621114730835, -0.4117915630340576, -0.3321210443973541, -0.25245052576065063, -0.17277997732162476, -0.09310944378376007, -0.013438910245895386, 0.0662316232919693, 0.14590215682983398, 0.22557269036769867, 0.30524322390556335, 0.38491374254226685, 0.4645842909812927, 0.5442548394203186, 0.6239253282546997, 0.7035958766937256, 0.7832664251327515, 0.8629369735717773, 0.9426075220108032, 1.022278070449829, 1.1019484996795654, 1.1816190481185913, 1.2612895965576172, 1.340960144996643, 1.420630693435669, 1.5003012418746948, 1.5799717903137207, 1.6596423387527466, 1.7393128871917725, 1.8189833164215088, 1.8986538648605347, 1.9783244132995605, 2.057994842529297, 2.1376655101776123, 2.2173359394073486, 2.297006607055664, 2.3766770362854004, 2.456347703933716, 2.536018133163452, 2.6156888008117676, 2.695359230041504]}}