{"global_step": 10776, "f1": 0.5429782082324455, "precision": 0.40350877192982454, "recall": 0.8297872340425532, "training_loss": 0.7015502629801631, "validation_loss": 0.7000770233571529, "number_of_compromised_nodes": 4733, "number_of_uncompromised_nodes": 6043, "time": 6.29635214805603, "_timestamp": 1703936526.2930858, "_runtime": 7.996532917022705, "_step": 1, "weights/edge_type_embedding.weight": {"_type": "histogram", "values": [1, 0, 0, 0, 1, 1, 0, 0, 0, 0, 1, 0, 1, 0, 1, 0, 1, 0, 0, 1, 0, 2, 1, 0, 0, 1, 1, 0, 0, 0, 2, 0, 2, 0, 0, 0, 0, 1, 2, 0, 2, 0, 0, 2, 0, 2, 1, 0, 2, 1, 1, 0, 0, 1, 0, 3, 0, 1, 0, 0, 0, 1, 0, 3], "bins": [-2.0996158123016357, -2.0449233055114746, -1.9902307987213135, -1.935538411140442, -1.8808459043502808, -1.8261533975601196, -1.7714608907699585, -1.7167683839797974, -1.6620758771896362, -1.6073834896087646, -1.5526909828186035, -1.4979984760284424, -1.4433059692382812, -1.3886134624481201, -1.333920955657959, -1.2792285680770874, -1.2245360612869263, -1.1698435544967651, -1.115151047706604, -1.0604585409164429, -1.0057660341262817, -0.9510735869407654, -0.896381139755249, -0.8416886329650879, -0.7869961261749268, -0.7323036789894104, -0.6776111721992493, -0.6229186654090881, -0.5682262182235718, -0.5135337114334106, -0.4588412344455719, -0.40414872765541077, -0.349456250667572, -0.2947637736797333, -0.24007128179073334, -0.1853787899017334, -0.13068631291389465, -0.07599382102489471, -0.021301332861185074, 0.03339115530252457, 0.08808363974094391, 0.14277613162994385, 0.1974686086177826, 0.25216108560562134, 0.30685359239578247, 0.3615460693836212, 0.41623854637145996, 0.4709310531616211, 0.5256235599517822, 0.5803160071372986, 0.6350085139274597, 0.6897009611129761, 0.7443934679031372, 0.7990859746932983, 0.8537784218788147, 0.9084709286689758, 0.963163435459137, 1.0178558826446533, 1.0725483894348145, 1.1272408962249756, 1.1819334030151367, 1.2366259098052979, 1.2913182973861694, 1.3460108041763306, 1.4007033109664917]}}