{"global_step": 11024, "f1": 0.0, "precision": 0.0, "recall": 0.0, "training_loss": 0.687998809851706, "validation_loss": 0.6920603197067976, "number_of_compromised_nodes": 4880, "number_of_uncompromised_nodes": 6144, "time": 3.4755005836486816, "_timestamp": 1703929489.46082, "_runtime": 4.268425941467285, "_step": 1, "weights/gnn.edge_type_embedding.weight": {"_type": "histogram", "values": [1, 0, 0, 0, 0, 0, 0, 0, 0, 0, 0, 0, 0, 0, 2, 0, 0, 0, 0, 0, 0, 0, 0, 1, 2, 1, 1, 3, 1, 1, 1, 1, 1, 0, 1, 0, 1, 0, 3, 0, 0, 1, 1, 1, 3, 0, 2, 0, 2, 0, 0, 2, 1, 0, 2, 1, 1, 0, 1, 0, 0, 0, 0, 1], "bins": [-3.0610835552215576, -2.9834837913513184, -2.905884027481079, -2.82828426361084, -2.7506847381591797, -2.6730849742889404, -2.595485210418701, -2.517885446548462, -2.4402856826782227, -2.3626859188079834, -2.285086154937744, -2.207486629486084, -2.1298868656158447, -2.0522871017456055, -1.9746873378753662, -1.897087574005127, -1.8194878101348877, -1.741888165473938, -1.6642884016036987, -1.5866886377334595, -1.5090889930725098, -1.4314892292022705, -1.3538894653320312, -1.276289701461792, -1.1986900568008423, -1.121090292930603, -1.0434905290603638, -0.9658908247947693, -0.8882911205291748, -0.8106913566589355, -0.7330916523933411, -0.6554918885231018, -0.5778921842575073, -0.5002924799919128, -0.4226927161216736, -0.3450929820537567, -0.26749324798583984, -0.18989352881908417, -0.1122938022017479, -0.03469407185912132, 0.04290565848350525, 0.12050539255142212, 0.198105126619339, 0.27570486068725586, 0.35330456495285034, 0.4309042990207672, 0.5085040330886841, 0.5861037969589233, 0.6637035012245178, 0.7413032054901123, 0.8189029693603516, 0.896502673625946, 0.9741024374961853, 1.0517021417617798, 1.129301905632019, 1.2069016695022583, 1.284501314163208, 1.3621010780334473, 1.4397008419036865, 1.5173004865646362, 1.5949002504348755, 1.6725000143051147, 1.750099778175354, 1.8276994228363037, 1.905299186706543]}}