{"global_step": 54260, "f1": 0.02889733840304182, "precision": 0.2602739726027397, "recall": 0.015297906602254429, "training_loss": 0.7052688980475068, "validation_loss": 0.7052547950297594, "number_of_compromised_nodes": 4623, "number_of_uncompromised_nodes": 6229, "time": 6.0520453453063965, "_timestamp": 1703936946.9461489, "_runtime": 32.57873296737671, "_step": 49, "weights/edge_type_embedding.weight": {"_type": "histogram", "values": [1, 0, 0, 0, 0, 0, 1, 1, 1, 0, 1, 0, 1, 1, 1, 1, 1, 0, 2, 1, 2, 0, 1, 0, 2, 2, 2, 1, 1, 0, 2, 1, 2, 1, 0, 2, 0, 2, 0, 2, 0, 0, 0, 1, 0, 0, 0, 1, 0, 0, 0, 0, 0, 0, 0, 1, 0, 0, 0, 0, 0, 0, 0, 1], "bins": [-2.145003080368042, -2.059807300567627, -1.974611520767212, -1.8894156217575073, -1.8042198419570923, -1.7190240621566772, -1.6338281631469727, -1.5486323833465576, -1.4634366035461426, -1.3782408237457275, -1.2930450439453125, -1.207849144935608, -1.1226533651351929, -1.0374575853347778, -0.952261745929718, -0.8670659065246582, -0.7818701267242432, -0.6966743469238281, -0.6114785075187683, -0.5262826681137085, -0.44108688831329346, -0.35589107871055603, -0.2706952691078186, -0.18549945950508118, -0.10030364990234375, -0.015107840299606323, 0.0700879693031311, 0.15528377890586853, 0.24047958850860596, 0.3256753981113434, 0.4108712077140808, 0.49606701731681824, 0.5812628269195557, 0.6664586067199707, 0.7516544461250305, 0.8368502855300903, 0.9220460653305054, 1.0072418451309204, 1.092437744140625, 1.17763352394104, 1.262829303741455, 1.3480250835418701, 1.4332208633422852, 1.5184167623519897, 1.6036125421524048, 1.6888083219528198, 1.7740042209625244, 1.8592000007629395, 1.9443957805633545, 2.0295915603637695, 2.1147873401641846, 2.1999831199645996, 2.2851791381835938, 2.370374917984009, 2.455570697784424, 2.540766477584839, 2.625962257385254, 2.711158037185669, 2.796353816986084, 2.881549596786499, 2.966745376586914, 3.051941394805908, 3.1371371746063232, 3.2223329544067383, 3.3075287342071533]}, "weights/layers.0.att_src": {"_type": "histogram", "values": [1, 0, 0, 0, 0, 1, 0, 0, 0, 0, 0, 0, 0, 0, 0, 0, 0, 0, 0, 0, 0, 0, 0, 0, 0, 0, 0, 0, 0, 0, 1, 1, 0, 0, 0, 0, 0, 0, 0, 0, 0, 0, 0, 0, 0, 1, 0, 0, 0, 1, 0, 0, 0, 0, 0, 0, 0, 0, 0, 0, 1, 0, 0, 1], "bins": [-0.8250761032104492, -0.8008912205696106, -0.776706337928772, -0.7525215148925781, -0.7283366322517395, -0.7041517496109009, -0.6799668669700623, -0.6557820439338684, -0.6315971612930298, -0.6074122786521912, -0.5832273960113525, -0.5590425133705139, -0.5348576903343201, -0.5106728076934814, -0.4864879250526428, -0.4623030722141266, -0.43811818957328796, -0.41393330693244934, -0.3897484540939331, -0.3655635714530945, -0.34137871861457825, -0.3171938359737396, -0.2930089831352234, -0.26882410049438477, -0.24463923275470734, -0.2204543650150299, -0.19626949727535248, -0.17208462953567505, -0.14789974689483643, -0.1237148866057396, -0.09953001141548157, -0.07534514367580414, -0.05116027593612671, -0.02697540633380413, -0.002790536731481552, 0.021394332870841026, 0.045579202473163605, 0.06976407021284103, 0.09394894540309906, 0.11813381314277649, 0.14231868088245392, 0.16650354862213135, 0.19068841636180878, 0.2148732841014862, 0.23905816674232483, 0.26324301958084106, 0.2874279022216797, 0.3116127550601959, 0.33579763770103455, 0.35998252034187317, 0.3841673731803894, 0.408352255821228, 0.43253710865974426, 0.4567219913005829, 0.4809068441390991, 0.5050917267799377, 0.5292766094207764, 0.553461492061615, 0.5776463150978088, 0.6018311977386475, 0.6260160803794861, 0.6502009630203247, 0.6743857860565186, 0.6985706686973572, 0.7227555513381958]}, "weights/layers.0.att_dst": {"_type": "histogram", "values": [1, 0, 2, 0, 0, 0, 0, 0, 0, 0, 0, 0, 0, 0, 0, 0, 0, 0, 0, 0, 0, 0, 0, 0, 1, 0, 0, 0, 0, 0, 1, 0, 0, 0, 0, 0, 0, 0, 0, 0, 0, 0, 0, 0, 0, 0, 0, 0, 1, 0, 0, 0, 0, 0, 0, 0, 1, 0, 0, 0, 0, 0, 0, 1], "bins": [-0.7287309765815735, -0.7112122774124146, -0.6936935782432556, -0.6761748194694519, -0.658656120300293, -0.641137421131134, -0.6236187219619751, -0.6060999631881714, -0.5885812640190125, -0.5710625648498535, -0.5535438656806946, -0.5360251665115356, -0.5185064077377319, -0.500987708568573, -0.48346900939941406, -0.46595028042793274, -0.4484315812587738, -0.4309128522872925, -0.41339415311813354, -0.3958754241466522, -0.3783567249774933, -0.36083799600601196, -0.343319296836853, -0.3258005976676941, -0.30828186869621277, -0.29076316952705383, -0.2732444405555725, -0.2557257413864136, -0.23820702731609344, -0.22068831324577332, -0.20316959917545319, -0.18565088510513306, -0.16813217103481293, -0.1506134569644928, -0.13309474289417267, -0.11557603627443314, -0.098057322204113, -0.08053860813379288, -0.06301989406347275, -0.04550118371844292, -0.027982469648122787, -0.010463757440447807, 0.0070549556985497475, 0.024573668837547302, 0.04209238290786743, 0.05961109325289726, 0.0771298035979271, 0.09464851766824722, 0.11216723173856735, 0.12968593835830688, 0.14720465242862701, 0.16472336649894714, 0.18224208056926727, 0.1997607946395874, 0.21727950870990753, 0.23479822278022766, 0.2523169219493866, 0.2698356509208679, 0.28735435009002686, 0.3048730790615082, 0.3223917782306671, 0.33991050720214844, 0.3574292063713074, 0.3749479353427887, 0.39246663451194763]}, "weights/layers.0.bias": {"_type": "histogram", "values": [1, 0, 0, 0, 0, 0, 0, 0, 0, 1, 0, 0, 0, 0, 0, 0, 0, 0, 1, 0, 0, 0, 0, 0, 0, 1, 0, 1, 0, 0, 0, 0, 0, 0, 0, 0, 0, 0, 0, 0, 1, 0, 0, 0, 0, 0, 0, 0, 0, 0, 0, 0, 0, 0, 0, 0, 0, 1, 0, 0, 0, 0, 0, 1], "bins": [-0.05598407983779907, -0.0545940101146698, -0.053203944116830826, -0.05181387439370155, -0.05042380839586258, -0.04903373867273331, -0.04764367267489433, -0.04625360295176506, -0.044863536953926086, -0.043473467230796814, -0.04208340123295784, -0.04069333150982857, -0.039303265511989594, -0.03791319578886032, -0.03652312979102135, -0.035133060067892075, -0.0337429940700531, -0.03235292434692383, -0.030962856486439705, -0.02957278862595558, -0.02818272076547146, -0.026792652904987335, -0.025402585044503212, -0.02401251718401909, -0.022622447460889816, -0.021232379600405693, -0.01984231173992157, -0.018452243879437447, -0.017062176018953323, -0.0156721081584692, -0.014282040297985077, -0.012891972437500954, -0.01150190457701683, -0.010111836716532707, -0.008721768856048584, -0.0073317005299031734, -0.00594163266941905, -0.004551564808934927, -0.00316149671562016, -0.001771428738720715, -0.00038136076182127, 0.001008707215078175, 0.00239877519197762, 0.003788843285292387, 0.00517891114577651, 0.0065689790062606335, 0.007959047332406044, 0.009349115192890167, 0.01073918305337429, 0.012129250913858414, 0.013519318774342537, 0.01490938663482666, 0.016299454495310783, 0.017689522355794907, 0.01907959021627903, 0.020469658076763153, 0.021859727799892426, 0.02324979566037655, 0.024639863520860672, 0.026029931381344795, 0.02741999924182892, 0.02881006710231304, 0.030200134962797165, 0.03159020096063614, 0.03298027068376541]}, "weights/layers.0.lin_src.weight": {"_type": "histogram", "values": [1, 1, 0, 0, 0, 0, 0, 0, 1, 0, 0, 1, 0, 1, 0, 2, 1, 0, 1, 2, 0, 0, 1, 2, 0, 0, 0, 0, 1, 0, 2, 1, 3, 2, 0, 0, 0, 0, 0, 0, 2, 1, 0, 1, 0, 0, 0, 1, 1, 0, 1, 2, 0, 2, 0, 1, 0, 1, 1, 0, 1, 0, 1, 1],