{"global_step": 10956, "f1": 0.23072463768115942, "precision": 0.3776091081593928, "recall": 0.166110183639399, "training_loss": 0.7036416064947844, "validation_loss": 0.6932753436267376, "number_of_compromised_nodes": 4539, "number_of_uncompromised_nodes": 6417, "time": 6.370592832565308, "_timestamp": 1703929540.1735592, "_runtime": 7.15623927116394, "_step": 1, "weights/edge_type_embedding.weight": {"_type": "histogram", "values": [3, 0, 0, 1, 0, 0, 0, 1, 1, 0, 1, 1, 1, 1, 0, 1, 0, 1, 3, 2, 1, 0, 0, 4, 2, 1, 2, 0, 0, 1, 1, 0, 0, 1, 0, 2, 1, 1, 0, 0, 1, 2, 1, 0, 0, 0, 0, 0, 1, 0, 0, 0, 0, 0, 0, 0, 0, 0, 0, 0, 0, 0, 0, 1], "bins": [-1.4506036043167114, -1.3873306512832642, -1.3240578174591064, -1.2607848644256592, -1.1975120306015015, -1.1342390775680542, -1.0709662437438965, -1.0076932907104492, -0.9444204568862915, -0.881147563457489, -0.8178746700286865, -0.754601776599884, -0.6913288831710815, -0.628055989742279, -0.5647830963134766, -0.5015102028846741, -0.4382372796535492, -0.3749643862247467, -0.3116914927959442, -0.24841859936714172, -0.18514570593833923, -0.12187280505895615, -0.05859990790486336, 0.004672987386584282, 0.06794588267803192, 0.1312187761068344, 0.1944916695356369, 0.2577645778656006, 0.3210374712944031, 0.38431036472320557, 0.44758325815200806, 0.5108561515808105, 0.574129045009613, 0.6374019384384155, 0.700674831867218, 0.7639477252960205, 0.827220618724823, 0.8904935121536255, 0.953766405582428, 1.0170392990112305, 1.0803122520446777, 1.1435850858688354, 1.2068580389022827, 1.2701308727264404, 1.3334038257598877, 1.3966766595840454, 1.4599496126174927, 1.5232224464416504, 1.5864953994750977, 1.6497682332992554, 1.7130411863327026, 1.7763140201568604, 1.8395869731903076, 1.9028598070144653, 1.9661327600479126, 2.0294055938720703, 2.0926785469055176, 2.155951499938965, 2.219224214553833, 2.2824971675872803, 2.3457701206207275, 2.409043073654175, 2.472315788269043, 2.5355887413024902, 2.5988616943359375]}}