{"global_step": 10856, "f1": 0.6275175928172774, "precision": 0.4572135785007072, "recall": 1.0, "training_loss": 0.6995030548423529, "validation_loss": 0.695154158398509, "number_of_compromised_nodes": 4675, "number_of_uncompromised_nodes": 6181, "time": 3.539241075515747, "_timestamp": 1703928608.1664588, "_runtime": 4.311713933944702, "_step": 1, "weights/gnn.edge_type_embedding.weight": {"_type": "histogram", "values": [3, 0, 1, 0, 0, 0, 0, 0, 0, 0, 1, 0, 1, 1, 0, 1, 0, 0, 0, 0, 1, 0, 0, 1, 1, 0, 1, 0, 1, 0, 1, 3, 2, 1, 1, 0, 1, 1, 3, 1, 3, 0, 0, 0, 1, 0, 0, 0, 1, 0, 1, 0, 0, 0, 0, 1, 0, 0, 0, 4, 1, 0, 0, 1], "bins": [-2.054590940475464, -1.9917210340499878, -1.9288512468338013, -1.8659813404083252, -1.8031115531921387, -1.7402416467666626, -1.677371859550476, -1.614501953125, -1.551632046699524, -1.4887622594833374, -1.4258923530578613, -1.3630225658416748, -1.3001526594161987, -1.2372827529907227, -1.1744129657745361, -1.11154305934906, -1.0486732721328735, -0.9858033657073975, -0.9229335188865662, -0.8600636720657349, -0.7971938252449036, -0.7343239784240723, -0.671454131603241, -0.6085842251777649, -0.5457143783569336, -0.4828445315361023, -0.419974684715271, -0.3571048378944397, -0.294234961271286, -0.2313651144504547, -0.16849525272846222, -0.10562539845705032, -0.04275554418563843, 0.020114311948418617, 0.08298416435718536, 0.14585402607917786, 0.20872387290000916, 0.27159374952316284, 0.33446359634399414, 0.39733344316482544, 0.46020328998565674, 0.523073136806488, 0.5859430432319641, 0.6488128900527954, 0.7116827368736267, 0.774552583694458, 0.8374224305152893, 0.9002922773361206, 0.9631621837615967, 1.0260319709777832, 1.0889018774032593, 1.1517716646194458, 1.2146415710449219, 1.277511477470398, 1.3403812646865845, 1.4032511711120605, 1.466120958328247, 1.5289908647537231, 1.5918607711791992, 1.6547305583953857, 1.7176004648208618, 1.7804702520370483, 1.8433401584625244, 1.906209945678711, 1.969079852104187]}}