{"global_step": 88192, "f1": 0.5932203389830509, "precision": 1.0, "recall": 0.42168674698795183, "training_loss": 0.6599811457563192, "validation_loss": 0.6220307052135468, "number_of_compromised_nodes": 10085, "number_of_uncompromised_nodes": 11963, "time": 6.533693552017212, "_timestamp": 1703928041.0458767, "_runtime": 27.871253728866577, "_step": 3, "_wandb": {"runtime": 27}}