{"global_step": 86336, "f1": 0.008741258741258742, "precision": 1.0, "recall": 0.004389815627743635, "training_loss": 0.6940417345613241, "validation_loss": 0.6857245229184628, "number_of_compromised_nodes": 4732, "number_of_uncompromised_nodes": 6060, "time": 6.150082588195801, "_timestamp": 1703937069.8622336, "_runtime": 51.727463722229004, "_step": 79, "weights/edge_type_embedding.weight": {"_type": "histogram", "values": [1, 2, 0, 0, 0, 1, 0, 0, 0, 0, 0, 0, 1, 0, 1, 2, 0, 2, 0, 0, 1, 2, 1, 1, 0, 0, 1, 2, 0, 0, 1, 0, 1, 0, 1, 0, 1, 1, 0, 1, 0, 0, 0, 0, 1, 4, 1, 2, 0, 2, 0, 1, 0, 1, 0, 0, 1, 1, 0, 1, 0, 0, 0, 1], "bins": [-1.755069613456726, -1.700796365737915, -1.646523118019104, -1.5922499895095825, -1.5379767417907715, -1.4837034940719604, -1.4294302463531494, -1.3751569986343384, -1.320883870124817, -1.2666106224060059, -1.2123373746871948, -1.1580641269683838, -1.1037908792495728, -1.0495177507400513, -0.9952445030212402, -0.9409712553024292, -0.8866980075836182, -0.8324248194694519, -0.7781515717506409, -0.7238783836364746, -0.6696051359176636, -0.6153319478034973, -0.5610587000846863, -0.5067854523658752, -0.452512264251709, -0.39823901653289795, -0.3439657986164093, -0.28969258069992065, -0.235419362783432, -0.18114612996578217, -0.12687291204929352, -0.07259968668222427, -0.01832646131515503, 0.035946764051914215, 0.09021998941898346, 0.1444932073354721, 0.19876644015312195, 0.2530396580696106, 0.30731287598609924, 0.3615860939025879, 0.4158593416213989, 0.4701325595378876, 0.5244057774543762, 0.5786790251731873, 0.6329522132873535, 0.6872254610061646, 0.7414986491203308, 0.7957718968391418, 0.8500450849533081, 0.9043183326721191, 0.9585915803909302, 1.0128648281097412, 1.0671379566192627, 1.1214112043380737, 1.1756844520568848, 1.2299576997756958, 1.2842309474945068, 1.3385040760040283, 1.3927773237228394, 1.4470505714416504, 1.5013238191604614, 1.5555970668792725, 1.609870195388794, 1.664143443107605, 1.718416690826416]}, "weights/layers.0.att_src": {"_type": "histogram", "values": [1, 0, 0, 0, 0, 0, 0, 0, 0, 0, 0, 0, 0, 1, 0, 0, 0, 0, 0, 0, 0, 0, 0, 0, 1, 0, 0, 0, 0, 0, 0, 1, 0, 0, 0, 0, 0, 0, 0, 0, 0, 0, 0, 0, 0, 0, 0, 0, 0, 0, 0, 0, 0, 0, 0, 1, 0, 1, 0, 1, 0, 0, 0, 1], "bins": [-0.7854452133178711, -0.7605957984924316, -0.7357463836669922, -0.7108969688415527, -0.6860476136207581, -0.6611981987953186, -0.6363487839698792, -0.6114993691444397, -0.5866499543190002, -0.5618005394935608, -0.5369511842727661, -0.5121017694473267, -0.4872523546218872, -0.46240293979644775, -0.4375535249710083, -0.41270413994789124, -0.3878547251224518, -0.36300531029701233, -0.33815592527389526, -0.3133065104484558, -0.28845709562301636, -0.2636077105998993, -0.23875829577445984, -0.21390888094902039, -0.18905948102474213, -0.16421008110046387, -0.13936066627502441, -0.11451126635074615, -0.0896618589758873, -0.06481245160102844, -0.039963047951459885, -0.015113642439246178, 0.00973576307296753, 0.034585170447826385, 0.05943457409739494, 0.0842839777469635, 0.10913338512182236, 0.1339827924966812, 0.15883219242095947, 0.18368160724639893, 0.20853100717067719, 0.23338040709495544, 0.2582298219203949, 0.28307923674583435, 0.3079286217689514, 0.33277803659439087, 0.3576274514198303, 0.3824768364429474, 0.40732625126838684, 0.4321756660938263, 0.45702505111694336, 0.4818744659423828, 0.5067238807678223, 0.5315732955932617, 0.5564227104187012, 0.5812720656394958, 0.6061214804649353, 0.6309708952903748, 0.6558203101158142, 0.6806697249412537, 0.7055191397666931, 0.7303684949874878, 0.7552179098129272, 0.7800673246383667, 0.8049167394638062]}, "weights/layers.0.att_dst": {"_type": "histogram", "values": [1, 0, 0, 0, 0, 0, 0, 0, 0, 0, 0, 0, 0, 0, 0, 0, 0, 0, 1, 0, 0, 0, 0, 0, 0, 0, 0, 0, 0, 0, 0, 0, 0, 0, 0, 1, 0, 0, 0, 1, 0, 0, 0, 0, 0, 1, 1, 0, 0, 0, 0, 0, 0, 0, 0, 0, 0, 0, 0, 0, 0, 0, 0, 2], "bins": [-0.7384646534919739, -0.7165912389755249, -0.6947178244590759, -0.672844409942627, -0.650970995426178, -0.629097580909729, -0.6072241067886353, -0.5853506922721863, -0.5634772777557373, -0.5416038632392883, -0.5197304487228394, -0.4978570342063904, -0.4759836196899414, -0.45411020517349243, -0.43223676085472107, -0.4103633463382721, -0.3884899318218231, -0.36661651730537415, -0.34474310278892517, -0.3228696584701538, -0.30099624395370483, -0.27912282943725586, -0.2572494149208069, -0.23537598550319672, -0.21350257098674774, -0.19162915647029877, -0.1697557270526886, -0.14788231253623962, -0.12600889801979065, -0.10413546860218048, -0.0822620540857315, -0.060388632118701935, -0.03851521015167236, -0.01664179004728794, 0.005231630057096481, 0.027105050161480904, 0.048978470265865326, 0.0708518922328949, 0.09272530674934387, 0.11459872871637344, 0.13647215068340302, 0.158345565199852, 0.18021899461746216, 0.20209240913391113, 0.2239658236503601, 0.24583925306797028, 0.26771268248558044, 0.2895860970020294, 0.3114595115184784, 0.33333292603492737, 0.35520634055137634, 0.3770797848701477, 0.3989531993865967, 0.42082661390304565, 0.44270002841949463, 0.4645734429359436, 0.4864468574523926, 0.5083202719688416, 0.5301936864852905, 0.5520671606063843, 0.5739405751228333, 0.5958139896392822, 0.6176874041557312, 0.6395608186721802, 0.6614342331886292]}, "weights/layers.0.bias": {"_type": "histogram", "values": [1, 0, 0, 0, 1, 0, 0, 0, 1, 0, 0, 0, 0, 0, 0, 0, 1, 0, 0, 0, 0, 0, 2, 0, 0, 0, 0, 0, 0, 0, 0, 0, 0, 1, 0, 0, 0, 0, 0, 0, 0, 0, 0, 0, 0, 0, 0, 0, 0, 0, 0, 0, 0, 0, 0, 0, 0, 0, 0, 0, 0, 0, 0, 1], "bins": [-0.03423557057976723, -0.03272717446088791, -0.03121878020465374, -0.02971038408577442, -0.028201987966895103, -0.026693593710660934, -0.025185197591781616, -0.023676801472902298, -0.02216840721666813, -0.02066001109778881, -0.019151614978909492, -0.017643220722675323, -0.016134824603796005, -0.014626429416239262, -0.013118034228682518, -0.0116096381098032, -0.010101242922246456, -0.008592847734689713, -0.007084452081471682, -0.005576056428253651, -0.004067661240696907, -0.002559265587478876, -0.001050870050676167, 0.0004575254279188812, 0.0019659209065139294, 0.0034743163269013166, 0.004982711747288704, 0.006491107400506735, 0.007999503053724766, 0.00950789824128151, 0.011016293428838253, 0.012524689547717571, 0.014033084735274315, 0.015541479922831059, 0.017049875110387802, 0.01855827122926712, 0.02006666734814644, 0.021575061604380608, 0.023083457723259926, 0.024591853842139244, 0.026100248098373413, 0.02760864421725273, 0.02911704033613205, 0.03062543459236622, 0.03213382884860039, 0.033642224967479706, 0.035150621086359024, 0.03665901720523834, 0.03816741332411766, 0.03967580944299698, 0.041184201836586, 0.04269259795546532, 0.044200994074344635, 0.04570939019322395, 0.04721778631210327, 0.04872618243098259, 0.05023457482457161, 0.05174297094345093, 0.053251367062330246, 0.054759763181209564, 0.05626815930008888, 0.0577765554189682, 0.05928494781255722, 0.06079334393143654, 0.06230174005031586]}, "weights/layers.0.lin_src.weight": {"_type": "histogram", "values": [3, 2, 0, 1, 0, 0, 0, 0, 0, 1, 1, 1, 1, 0, 2, 1, 0, 1, 1, 1, 1, 1, 0, 1, 0, 2, 0, 0, 2, 0, 0, 1, 1, 0, 0, 2, 0, 0, 1, 0, 0, 0, 0, 2, 1, 0, 0, 0, 0, 0, 0, 0, 2, 3, 0, 0, 0, 1, 0, 0, 0, 1, 1, 1],